{
  "policy": {
    "weights": [
      [
        0.8117194844557779,
        0.811431351748242,
        0.45774762061827806,
        0.007019837250988631,
        0.8114105879986375,
        0.017191090809813934
      ],
      [
        0.8164835711922344,
        0.8104870129665855,
        0.4566911923925027,
        0.0011588478670085508,
        0.8150094482055337,
        0.04380021181921494
      ],
      [
        0.8197267528195439,
        0.8142654595259955,
        0.45147756321050647,
        -0.010146623674877172,
        0.8151498927885783,
        0.04527543322526399
      ],
      [
        0.813576956390591,
        0.8120971548138494,
        0.4641785414379634,
        -0.01453545298008678,
        0.8095636976650207,
        0.03706825027915876
      ],
      [
        0.8218944316053517,
        0.8107540910250058,
        0.4626267778208338,
        0.002482134493284145,
        0.8205097389235028,
        0.02103240281074179
      ]
    ]
  },
  "sols_trained": 60,
  "cumulative_reward": 51.7067,
  "current_lr": 0.01777392105229235,
  "reward_history": [
    0.885,
    0.8855,
    0.8859,
    0.8861,
    0.8865,
    0.8869,
    0.8871,
    0.8876,
    0.8878,
    0.888,
    0.8882,
    0.8885,
    0.8757,
    0.8917,
    0.8922,
    0.8925,
    0.8929,
    0.8931,
    0.8932,
    0.8934,
    0.1392,
    0.8959,
    0.8822,
    0.8826,
    0.883,
    0.8834,
    0.8837,
    0.8841,
    0.8845,
    0.885,
    0.8852,
    0.8856,
    0.886,
    0.8863,
    0.8867,
    0.8871,
    0.8874,
    0.8879,
    0.8881,
    0.8883,
    0.8885,
    0.8888,
    0.8722,
    0.8867,
    0.8872,
    0.8874,
    0.8879,
    0.8882,
    0.8883,
    0.8885
  ]
}