{
  "policy": {
    "weights": [
      [
        0.501637410972388,
        0.5718027520031147,
        0.6123780611921643,
        -0.12789345741011088,
        1.0677610859401556,
        0.14236369810982302
      ],
      [
        0.5064014977088446,
        0.5708584132214581,
        0.6113216329663889,
        -0.13375444679409096,
        1.0713599461470515,
        0.16897281911922385
      ],
      [
        0.5096446793361541,
        0.5746368597808683,
        0.6061080037843927,
        -0.14505991833597673,
        1.0715003907300964,
        0.17044804052527288
      ],
      [
        0.5034948829072013,
        0.5724685550687222,
        0.6188089820118496,
        -0.14944874764118632,
        1.065914195606539,
        0.1622408575791677
      ],
      [
        0.5118123581219618,
        0.5711254912798785,
        0.61725721839472,
        -0.13243116016781536,
        1.0768602368650206,
        0.14620501011075077
      ]
    ]
  },
  "sols_trained": 690,
  "cumulative_reward": 84.57600000000001,
  "current_lr": 0.005041644273171759,
  "reward_history": [
    -0.2597,
    -0.4947,
    -0.4521,
    -0.4917,
    -0.4724,
    -0.4721,
    -0.472,
    -0.3067,
    -0.3289,
    -0.3088,
    -0.3084,
    -0.1081,
    -0.1077,
    -0.3073,
    -0.307,
    -0.3068,
    -0.3065,
    -0.2875,
    -0.307,
    -0.2894,
    -0.2891,
    -0.0887,
    -0.0885,
    -0.0882,
    -0.0082,
    0.308,
    0.2653,
    0.5627,
    0.6232,
    0.6234,
    0.6238,
    0.6238,
    0.5812,
    0.6221,
    0.2827,
    0.6202,
    0.6205,
    0.4557,
    0.4559,
    0.4748,
    0.4434,
    0.4729,
    0.4732,
    0.4737,
    0.4741,
    0.4744,
    0.4748,
    0.4563,
    0.4567,
    0.4572
  ]
}