{
  "policy": {
    "weights": [
      [
        -0.0014409032957792835,
        -0.0017290360033151932,
        -0.0011131586156766246,
        0.007019837250988631,
        -0.0012758828378288708,
        -0.014973534143409574
      ],
      [
        0.0033231834406771527,
        -0.0026733747849716823,
        -0.00216958684145195,
        0.0011588478670085508,
        0.0023229773690672086,
        0.01163558686599143
      ],
      [
        0.006566365067986689,
        0.0011050717744383195,
        -0.007383216023448206,
        -0.010146623674877172,
        0.00246342195211202,
        0.013110808272040482
      ],
      [
        0.0004165686390338389,
        -0.0010632329377078427,
        0.005317762204008693,
        -0.01453545298008678,
        -0.0031227731714455983,
        0.0049036253259352475
      ],
      [
        0.008734043853794468,
        -0.0024062967265513543,
        0.0037659985868791017,
        0.002482134493284145,
        0.007823268087036421,
        -0.011132222142481727
      ]
    ]
  },
  "sols_trained": 10,
  "cumulative_reward": 1.5502000000000002,
  "current_lr": 0.019643220647166015,
  "reward_history": [
    0.2,
    0.1599,
    0.1476,
    0.1479,
    0.1481,
    0.1486,
    0.1489,
    0.1492,
    0.1499,
    0.1501
  ]
}