{
  "policy": {
    "weights": [
      [
        0.001488236490547984,
        0.00448729987121701,
        0.07804955907264183,
        0.007019837250988631,
        0.13232089701934158,
        -0.005561605817572024
      ],
      [
        0.006252323227004419,
        0.0035429610895605194,
        0.07699313084686651,
        0.0011588478670085508,
        0.13591975722623764,
        0.021047515191828983
      ],
      [
        0.009495504854313955,
        0.0073214076489705225,
        0.07177950166487024,
        -0.010146623674877172,
        0.13606020180928247,
        0.02252273659787803
      ],
      [
        0.0033457084253611063,
        0.005153102936824361,
        0.08448047989232713,
        -0.01453545298008678,
        0.13047400668572487,
        0.014315553651772799
      ],
      [
        0.011663183640121734,
        0.0038100391479808475,
        0.08292871627519754,
        0.002482134493284145,
        0.14142004794420684,
        -0.001720293816644179
      ]
    ]
  },
  "sols_trained": 50,
  "cumulative_reward": 8.7006,
  "current_lr": 0.01813297807507842,
  "reward_history": [
    0.2,
    0.1599,
    0.1476,
    0.1479,
    0.1481,
    0.1486,
    0.1489,
    0.1492,
    0.1499,
    0.1501,
    0.1505,
    0.1506,
    0.151,
    0.151,
    0.1515,
    0.152,
    0.1522,
    0.1528,
    0.1528,
    0.153,
    0.1533,
    0.1711,
    0.1581,
    0.1715,
    0.1714,
    0.171,
    0.1709,
    0.1705,
    0.17,
    0.1699,
    0.2066,
    0.1868,
    0.2031,
    0.2021,
    0.2013,
    0.2002,
    0.1991,
    0.1977,
    0.1967,
    0.1955,
    0.1946,
    0.1934,
    0.1926,
    0.2031,
    0.1889,
    0.2007,
    0.1996,
    0.1986,
    0.1978,
    0.1969
  ]
}