{
  "policy": {
    "weights": [
      [
        0.7184212624111013,
        0.8021328651942523,
        0.8291995424924675,
        -0.212406173619242,
        1.446175565117313,
        0.22295400715293504
      ],
      [
        0.7231853491475577,
        0.8011885264125957,
        0.8281431142666921,
        -0.21826716300322208,
        1.4497744253242089,
        0.2495631281623358
      ],
      [
        0.7264285307748672,
        0.8049669729720059,
        0.8229294850846959,
        -0.22957263454510785,
        1.4499148699072537,
        0.2510383495683849
      ],
      [
        0.7202787343459145,
        0.8027986682598598,
        0.8356304633121528,
        -0.23396146385031744,
        1.4443286747836963,
        0.2428311666222797
      ],
      [
        0.7285962095606751,
        0.8014556044710162,
        0.8340786996950232,
        -0.21694387637694648,
        1.455274716042178,
        0.22679531915386278
      ]
    ]
  },
  "sols_trained": 1290,
  "cumulative_reward": 162.60870000000017,
  "current_lr": 0.005,
  "reward_history": [
    0.1438,
    0.3015,
    0.2797,
    0.2995,
    0.2999,
    0.3002,
    0.3007,
    0.3008,
    0.301,
    0.3201,
    0.3006,
    0.3181,
    0.3186,
    0.3189,
    0.3193,
    0.3198,
    0.3201,
    0.3015,
    0.3018,
    0.3022,
    0.3024,
    0.3025,
    0.2614,
    0.3031,
    0.2816,
    0.301,
    0.3015,
    0.3018,
    0.3021,
    0.3023,
    0.3026,
    0.1644,
    0.0968,
    0.1624,
    0.1627,
    0.1632,
    0.1635,
    0.1639,
    0.1641,
    0.1456,
    0.1459,
    0.4818,
    0.4382,
    0.4765,
    0.477,
    0.4771,
    0.4773,
    0.4574,
    0.1977,
    -0.122
  ]
}