{
  "policy": {
    "weights": [
      [
        0.1141876256968135,
        0.14554183771817497,
        0.28326940654643895,
        0.007019837250988631,
        0.4794771572087185,
        0.056162846615463134
      ],
      [
        0.11895171243326992,
        0.1445974989365185,
        0.28221297832066367,
        0.0011588478670085508,
        0.4830760174156145,
        0.08277196762486412
      ],
      [
        0.12219489406057946,
        0.1483759454959285,
        0.27699934913866736,
        -0.010146623674877172,
        0.48321646199865936,
        0.08424718903091316
      ],
      [
        0.1160450976316266,
        0.14620764078378232,
        0.2897003273661243,
        -0.01453545298008678,
        0.47763026687510174,
        0.07604000608480795
      ],
      [
        0.12436257284638724,
        0.14486457699493882,
        0.2881485637489947,
        0.002482134493284145,
        0.4885763081335837,
        0.060004158616390975
      ]
    ]
  },
  "sols_trained": 100,
  "cumulative_reward": 29.4595,
  "current_lr": 0.01640739706275662,
  "reward_history": [
    0.312,
    0.2884,
    0.3059,
    0.3032,
    0.3004,
    0.2978,
    0.295,
    0.2926,
    0.2902,
    0.288,
    0.2878,
    0.3066,
    0.2907,
    0.3065,
    0.3066,
    0.3148,
    0.2997,
    0.315,
    0.3147,
    0.3148,
    0.4993,
    0.4633,
    0.4911,
    0.4916,
    0.492,
    0.4926,
    0.4928,
    0.4933,
    0.4936,
    0.4938,
    0.494,
    0.488,
    0.4883,
    0.4887,
    0.489,
    0.4892,
    0.4894,
    0.4993,
    0.4809,
    0.4977,
    0.4782,
    0.4786,
    0.499,
    0.4788,
    0.4971,
    0.4972,
    0.4975,
    0.4979,
    0.4979,
    0.4981
  ]
}