{
  "policy": {
    "weights": [
      [
        0.4302065182179438,
        0.5266193322067508,
        0.793430521478877,
        0.01728496313335385,
        1.3183035354318537,
        0.48951782971722685
      ],
      [
        0.43497060495440026,
        0.5256749934250943,
        0.7923740932531017,
        0.011423973749373774,
        1.32190239563875,
        0.5161269507266278
      ],
      [
        0.4382137865817098,
        0.5294534399845043,
        0.7871604640711055,
        0.00011850220748805569,
        1.3220428402217947,
        0.5176021721326769
      ],
      [
        0.43206399015275687,
        0.5272851352723582,
        0.7998614422985625,
        -0.004270327097721554,
        1.316456645098237,
        0.5093949891865717
      ],
      [
        0.4403814653675176,
        0.5259420714835147,
        0.7983096786814328,
        0.012747260375649364,
        1.3274026863567192,
        0.49335914171815476
      ]
    ]
  },
  "sols_trained": 390,
  "cumulative_reward": 100.40259999999998,
  "current_lr": 0.009186474815027407,
  "reward_history": [
    0.3594,
    0.3367,
    0.357,
    0.2547,
    0.2547,
    0.248,
    0.2456,
    0.2473,
    0.2479,
    0.1677,
    0.0678,
    -0.085,
    -0.0144,
    -0.0456,
    0.2089,
    0.241,
    0.4796,
    0.4578,
    0.4771,
    0.4767,
    0.476,
    0.4772,
    0.4775,
    0.4789,
    0.4784,
    0.4256,
    0.4263,
    0.4179,
    0.4188,
    0.1333,
    0.4005,
    0.4198,
    0.3982,
    0.4257,
    0.4078,
    0.4238,
    0.4238,
    0.4236,
    0.4249,
    0.4248,
    0.4258,
    0.4257,
    0.4261,
    0.4275,
    0.4271,
    0.4272,
    0.4277,
    0.4286,
    0.4284,
    0.4205
  ]
}