{
  "policy": {
    "weights": [
      [
        0.37924187816835436,
        0.3689432531070587,
        0.6138278184850569,
        0.015827204286854267,
        1.0387090534123102,
        0.24061723410651611
      ],
      [
        0.3840059649048107,
        0.36799891432540227,
        0.6127713902592816,
        0.0099662149028742,
        1.0423079136192064,
        0.2672263551159171
      ],
      [
        0.38724914653212034,
        0.3717773608848122,
        0.6075577610772853,
        -0.001339256639011514,
        1.042448358202251,
        0.26870157652196613
      ],
      [
        0.3810993501031675,
        0.3696090561726661,
        0.6202587393047422,
        -0.005728085944221121,
        1.0368621630786934,
        0.2604943935758609
      ],
      [
        0.38941682531792815,
        0.36826599238382257,
        0.6187069756876126,
        0.011289501529149794,
        1.0478082043371755,
        0.244458546107444
      ]
    ]
  },
  "sols_trained": 290,
  "cumulative_reward": 68.33980000000001,
  "current_lr": 0.011220385676843412,
  "reward_history": [
    0.0127,
    0.0121,
    -0.0004,
    0.0043,
    -0.0105,
    -0.0186,
    -0.0139,
    -0.0079,
    -0.0365,
    -0.0002,
    0.0085,
    0.0079,
    0.0085,
    0.0065,
    0.0192,
    0.033,
    0.0375,
    0.0435,
    0.0244,
    0.0343,
    0.0474,
    0.0331,
    0.032,
    0.0133,
    0.1041,
    0.066,
    0.0551,
    0.1351,
    0.1649,
    0.0371,
    0.1864,
    0.0614,
    -0.0983,
    -0.07,
    0.0283,
    0.001,
    -0.1113,
    -0.0897,
    -0.1077,
    -0.095,
    -0.0936,
    -0.1166,
    -0.1497,
    -0.0621,
    -0.0464,
    -0.0601,
    0.0281,
    -0.0253,
    -0.0023,
    -0.0496
  ]
}