{
  "policy": {
    "weights": [
      [
        0.7227421287239177,
        0.8106377706146475,
        0.8547799235924673,
        -0.212728323619242,
        1.490320461867313,
        0.226769236041824
      ],
      [
        0.7275062154603742,
        0.8096934318329909,
        0.8537234953666919,
        -0.21858931300322207,
        1.4939193220742089,
        0.2533783570512247
      ],
      [
        0.7307493970876837,
        0.8134718783924011,
        0.8485098661846957,
        -0.22989478454510784,
        1.4940597666572537,
        0.2548535784572735
      ],
      [
        0.724599600658731,
        0.811303573680255,
        0.8612108444121527,
        -0.23428361385031743,
        1.4884735715336963,
        0.24664639551116865
      ],
      [
        0.7329170758734915,
        0.8099605098914113,
        0.8596590807950231,
        -0.21726602637694648,
        1.499419612792178,
        0.23061054804275175
      ]
    ]
  },
  "sols_trained": 1350,
  "cumulative_reward": 171.53570000000022,
  "current_lr": 0.005,
  "reward_history": [
    0.0853,
    0.0858,
    0.0862,
    0.0865,
    0.087,
    0.0873,
    0.0876,
    0.088,
    0.0883,
    0.0886,
    0.0888,
    0.1156,
    0.0952,
    0.1117,
    0.1111,
    0.1105,
    0.1101,
    0.1096,
    0.1089,
    0.1085,
    0.1484,
    0.1286,
    0.1481,
    0.1485,
    0.1489,
    0.1492,
    0.1496,
    0.15,
    -0.1895,
    0.1508,
    0.1511,
    0.1514,
    0.1514,
    0.1708,
    0.1511,
    0.1686,
    0.1688,
    0.169,
    0.1692,
    0.1693,
    0.3555,
    0.3115,
    0.3316,
    0.3319,
    0.3322,
    0.3325,
    0.3329,
    0.3333,
    0.3334,
    0.3337
    ]
  }
