{
  "policy": {
    "weights": [
      [
<<<<<<< Updated upstream
        0.7227421287239177,
        0.8106377706146475,
        0.8547799235924673,
        -0.212728323619242,
        1.490320461867313,
        0.226769236041824
      ],
      [
        0.7275062154603742,
        0.8096934318329909,
        0.8537234953666919,
        -0.21858931300322207,
        1.4939193220742089,
        0.2533783570512247
      ],
      [
        0.7307493970876837,
        0.8134718783924011,
        0.8485098661846957,
        -0.22989478454510784,
        1.4940597666572537,
        0.2548535784572735
      ],
      [
        0.724599600658731,
        0.811303573680255,
        0.8612108444121527,
        -0.23428361385031743,
        1.4884735715336963,
        0.24664639551116865
      ],
      [
        0.7329170758734915,
        0.8099605098914113,
        0.8596590807950231,
        -0.21726602637694648,
        1.499419612792178,
        0.23061054804275175
      ]
    ]
  },
  "sols_trained": 1350,
  "cumulative_reward": 171.53570000000022,
  "current_lr": 0.005,
  "reward_history": [
    0.0853,
    0.0858,
    0.0862,
    0.0865,
    0.087,
    0.0873,
    0.0876,
    0.088,
    0.0883,
    0.0886,
    0.0888,
    0.1156,
    0.0952,
    0.1117,
    0.1111,
    0.1105,
    0.1101,
    0.1096,
    0.1089,
    0.1085,
    0.1484,
    0.1286,
    0.1481,
    0.1485,
    0.1489,
    0.1492,
    0.1496,
    0.15,
    -0.1895,
    0.1508,
    0.1511,
    0.1514,
    0.1514,
    0.1708,
    0.1511,
    0.1686,
    0.1688,
    0.169,
    0.1692,
    0.1693,
    0.3555,
    0.3115,
    0.3316,
    0.3319,
    0.3322,
    0.3325,
    0.3329,
    0.3333,
    0.3334,
    0.3337
=======
        0.869770445732368,
        0.960734720538335,
        0.9668564441924684,
        -0.2944885142630156,
        1.6865537498673127,
        0.26915312604182373
      ],
      [
        0.8745345324688244,
        0.9597903817566784,
        0.965800015966693,
        -0.30034950364699553,
        1.6901526100742086,
        0.2957622470512246
      ],
      [
        0.8777777140961339,
        0.9635688283160886,
        0.9605863867846968,
        -0.31165497518888124,
        1.6902930546572534,
        0.29723746845727333
      ],
      [
        0.8716279176671812,
        0.9614005236039425,
        0.9732873650121531,
        -0.31604380449409086,
        1.684706859533696,
        0.28903028551116855
      ],
      [
        0.8799453928819417,
        0.9600574598150988,
        0.9717356013950237,
        -0.29902621702071996,
        1.6956529007921777,
        0.2729944380427514
      ]
    ]
  },
  "sols_trained": 1810,
  "cumulative_reward": 212.02100000000016,
  "current_lr": 0.005,
  "reward_history": [
    -0.2596,
    -0.4947,
    -0.4518,
    -0.4915,
    -0.4722,
    -0.472,
    -0.4719,
    -0.3084,
    -0.3303,
    -0.3104,
    -0.3099,
    -0.1096,
    -0.1092,
    -0.3089,
    -0.3085,
    -0.3083,
    -0.3081,
    -0.289,
    -0.3086,
    -0.2909,
    -0.2906,
    -0.0902,
    -0.0899,
    -0.0897,
    -0.0096,
    0.3073,
    0.2647,
    0.5622,
    0.6225,
    0.6228,
    0.6231,
    0.6232,
    0.5804,
    0.6214,
    0.282,
    0.6195,
    0.6198,
    0.4567,
    0.4569,
    0.4759,
    0.4444,
    0.474,
    0.4743,
    0.4747,
    0.4752,
    0.4755,
    0.4759,
    0.4573,
    0.4577,
    0.4581
>>>>>>> Stashed changes
  ]
}