{
  "policy": {
    "weights": [
      [
        0.0014304703521596709,
        0.004388677043213965,
        0.07616816617362912,
        0.007019837250988631,
        0.13130310003658285,
        -0.0056428714727493525
      ],
      [
        0.006194557088616107,
        0.0034443382615574757,
        0.0751117379478538,
        0.0011588478670085508,
        0.13490196024347895,
        0.020966249536651643
      ],
      [
        0.009437738715925641,
        0.007222784820967476,
        0.06989810876585752,
        -0.010146623674877172,
        0.13504240482652377,
        0.022441470942700697
      ],
      [
        0.0032879422869727926,
        0.005054480108821315,
        0.08259908699331445,
        -0.01453545298008678,
        0.12945620970296612,
        0.014234287996595471
      ],
      [
        0.01160541750173342,
        0.0037114163199778037,
        0.08104732337618484,
        0.002482134493284145,
        0.14040225096144815,
        -0.0018015594718215097
      ]
    ]
  },
  "sols_trained": 50,
  "cumulative_reward": 8.651399999999999,
  "current_lr": 0.01813297807507842,
  "reward_history": [
    0.2,
    0.16,
    0.1476,
    0.149,
    0.1491,
    0.1502,
    0.1494,
    0.15,
    0.1501,
    0.1512,
    0.1492,
    0.1503,
    0.1524,
    0.1508,
    0.1519,
    0.1524,
    0.1516,
    0.1528,
    0.1524,
    0.1525,
    0.1533,
    0.1703,
    0.158,
    0.1696,
    0.1689,
    0.1703,
    0.168,
    0.1689,
    0.1676,
    0.1683,
    0.2058,
    0.1831,
    0.1993,
    0.2005,
    0.1978,
    0.1965,
    0.1956,
    0.1953,
    0.194,
    0.1949,
    0.194,
    0.193,
    0.1912,
    0.2005,
    0.1868,
    0.1992,
    0.1984,
    0.1974,
    0.1965,
    0.1955
  ]
}