{
  "policy": {
    "weights": [
      [
        0.24981221130320957,
        0.30449451503875646,
        0.38177912423722016,
        -0.01791026165195697,
        0.6635323403639071,
        0.06676464615748598
      ],
      [
        0.254576298039666,
        0.30355017625709996,
        0.3807226960114448,
        -0.02377125103593704,
        0.6671312005708031,
        0.09337376716688696
      ],
      [
        0.25781947966697555,
        0.30732862281650997,
        0.37550906682944857,
        -0.03507672257782276,
        0.667271645153848,
        0.09484898857293601
      ],
      [
        0.2516696832380227,
        0.30516031810436384,
        0.38821004505690554,
        -0.03946555188303238,
        0.6616854500302903,
        0.08664180562683077
      ],
      [
        0.2599871584527833,
        0.3038172543155203,
        0.3866582814397759,
        -0.02244796440966145,
        0.6726314912887723,
        0.07060595815841382
      ]
    ]
  },
  "sols_trained": 240,
  "cumulative_reward": 44.74299999999993,
  "current_lr": 0.012400443939639879,
  "reward_history": [
    0.1474,
    0.1279,
    0.1474,
    0.1478,
    0.1482,
    0.1485,
    0.1489,
    0.1493,
    -0.1903,
    0.15,
    0.1504,
    0.1506,
    0.1504,
    0.1697,
    0.1506,
    0.168,
    0.168,
    0.1683,
    0.1685,
    0.1688,
    0.3628,
    0.3193,
    0.3398,
    0.3401,
    0.3406,
    0.3409,
    0.3413,
    0.3416,
    0.3418,
    0.342,
    0.303,
    -0.2353,
    -0.2769,
    -0.2575,
    -0.2574,
    -0.2385,
    -0.2579,
    -0.0405,
    -0.0402,
    0.2399,
    0.7064,
    0.665,
    0.7007,
    0.6818,
    0.6822,
    0.6825,
    0.6828,
    0.6832,
    0.6835,
    0.6839
  ]
}