{
  "policy": {
    "weights": [
      [
        4.947982875379177,
        4.947694742671641,
        2.776075288261223,
        0.39649428317700436,
        4.7652862590344585,
        1.271346667362536
      ],
      [
        4.952746962115632,
        4.946750403889984,
        2.7750188600354475,
        0.39063329379302425,
        4.768885119241355,
        1.2979557883719368
      ],
      [
        4.955990143742942,
        4.950528850449394,
        2.7698052308534513,
        0.37932782225113854,
        4.769025563824399,
        1.2994310097779855
      ],
      [
        4.949840347313989,
        4.9483605457372475,
        2.782506209080908,
        0.3749389929459289,
        4.763439368700841,
        1.2912238268318805
      ],
      [
        4.958157822528749,
        4.9470174819484045,
        2.7809544454637782,
        0.3919565804192998,
        4.774385409959323,
        1.2751879793634637
      ]
    ]
  },
  "sols_trained": 590,
  "cumulative_reward": 411.0102999999999,
  "current_lr": 0.006157878220914412,
  "reward_history": [
    0.4678,
    0.2679,
    0.2677,
    0.2497,
    0.2657,
    0.266,
    0.266,
    0.2662,
    0.2396,
    0.2636,
    0.2641,
    0.4643,
    0.4648,
    0.2649,
    0.2654,
    0.2655,
    0.2658,
    0.266,
    0.2498,
    0.2645,
    0.2647,
    0.4652,
    0.4654,
    0.4655,
    0.5457,
    0.5458,
    0.505,
    0.8003,
    0.8607,
    0.861,
    0.8612,
    0.8613,
    0.8615,
    0.8616,
    0.5256,
    0.8601,
    0.8603,
    0.8605,
    0.8607,
    0.861,
    0.8327,
    0.8594,
    0.8597,
    0.8601,
    0.8606,
    0.8607,
    0.8612,
    0.8615,
    0.8618,
    0.8623
  ]
}