{
  "policy": {
    "weights": [
      [
        0.9847372384984069,
        1.1299444469763764,
        1.3515153796924662,
        -0.19997070361924196,
        2.3485990614923087,
        0.33142976270848973
      ],
      [
        0.9895013252348633,
        1.1290001081947199,
        1.3504589514666907,
        -0.20583169300322204,
        2.352197921699205,
        0.3580388837178902
      ],
      [
        0.9927445068621729,
        1.13277855475413,
        1.3452453222846947,
        -0.2171371645451078,
        2.35233836628225,
        0.3595141051239393
      ],
      [
        0.9865947104332201,
        1.130610250041984,
        1.3579463005121515,
        -0.2215259938503174,
        2.346752171158692,
        0.3513069221778342
      ],
      [
        0.9949121856479807,
        1.1292671862531403,
        1.3563945368950219,
        -0.20450840637694645,
        2.357698212417174,
        0.33527107470941747
      ]
    ]
  },
  "sols_trained": 2070,
  "cumulative_reward": 346.11130000000054,
  "current_lr": 0.005,
  "reward_history": [
    0.2151,
    0.1958,
    0.2143,
    0.2148,
    0.2072,
    0.2154,
    0.2158,
    0.2161,
    0.2166,
    0.2169,
    0.2173,
    0.2176,
    0.2177,
    0.2371,
    0.218,
    0.235,
    0.2351,
    0.2354,
    0.2353,
    0.2357,
    0.4189,
    0.3758,
    0.3948,
    0.3951,
    0.3956,
    0.3958,
    0.3962,
    0.3965,
    0.3968,
    0.3969,
    0.3562,
    -0.1819,
    -0.2226,
    -0.2041,
    -0.204,
    -0.1847,
    -0.2035,
    0.0133,
    0.0134,
    0.2936,
    0.7554,
    0.7183,
    0.7508,
    0.7316,
    0.732,
    0.7323,
    0.7327,
    0.7331,
    0.7334,
    0.7339
  ]
}