{
  "policy": {
    "weights": [
      [
        0.4840151627822524,
        0.46570096248364495,
        0.8421471235099488,
        0.009471715054524541,
        1.384750325847793,
        0.6064928465440069
      ],
      [
        0.4887792495187088,
        0.4647566237019885,
        0.8410906952841736,
        0.0036107256705444554,
        1.3883491860546895,
        0.6331019675534078
      ],
      [
        0.49202243114601835,
        0.4685350702613985,
        0.8358770661021772,
        -0.007694745871341272,
        1.3884896306377337,
        0.6345771889594568
      ],
      [
        0.48587263471706554,
        0.4663667655492523,
        0.8485780443296341,
        -0.012083575176550876,
        1.3829034355141763,
        0.626370006013352
      ],
      [
        0.49419010993182605,
        0.4650237017604088,
        0.8470262807125045,
        0.004934012296820051,
        1.3938494767726584,
        0.6103341585449348
      ]
    ]
  },
  "sols_trained": 450,
  "cumulative_reward": 113.41939999999994,
  "current_lr": 0.008147672254835276,
  "reward_history": [
    0.3821,
    0.3879,
    0.423,
    0.399,
    0.4142,
    0.4144,
    0.0146,
    0.0884,
    0.175,
    0.2747,
    0.4115,
    0.4837,
    0.4595,
    0.4598,
    -0.0197,
    0.324,
    0.2594,
    0.2672,
    0.1721,
    0.2666,
    0.2682,
    0.2663,
    0.2507,
    0.2542,
    0.2669,
    0.4239,
    0.3614,
    0.4114,
    0.4191,
    0.4023,
    0.4013,
    0.4018,
    0.4021,
    0.4106,
    0.3935,
    0.3925,
    0.4091,
    0.4094,
    0.4127,
    0.4044,
    0.3999,
    0.4009,
    0.2261,
    0.4093,
    0.4178,
    0.4098,
    0.401,
    0.4224,
    0.4022,
    0.4199
  ]
}