{
  "policy": {
    "weights": [
      [
        0.7184212624111013,
        0.8021328651942523,
        0.8320281235924676,
        -0.212406173619242,
        1.4506966673673127,
        0.22300622493071284
      ],
      [
        0.7231853491475577,
        0.8011885264125957,
        0.8309716953666921,
        -0.21826716300322208,
        1.4542955275742087,
        0.24961534594011361
      ],
      [
        0.7264285307748672,
        0.8049669729720059,
        0.8257580661846959,
        -0.22957263454510785,
        1.4544359721572535,
        0.2510905673461627
      ],
      [
        0.7202787343459145,
        0.8027986682598598,
        0.8384590444121529,
        -0.23396146385031744,
        1.448849777033696,
        0.2428833844000575
      ],
      [
        0.7285962095606751,
        0.8014556044710162,
        0.8369072807950233,
        -0.21694387637694648,
        1.4597958182921777,
        0.2268475369316406
      ]
    ]
  },
  "sols_trained": 1300,
  "cumulative_reward": 163.51330000000016,
  "current_lr": 0.005,
  "reward_history": [
    0.3006,
    0.3181,
    0.3186,
    0.3189,
    0.3193,
    0.3198,
    0.3201,
    0.3015,
    0.3018,
    0.3022,
    0.3024,
    0.3025,
    0.2614,
    0.3031,
    0.2816,
    0.301,
    0.3015,
    0.3018,
    0.3021,
    0.3023,
    0.3026,
    0.1644,
    0.0968,
    0.1624,
    0.1627,
    0.1632,
    0.1635,
    0.1639,
    0.1641,
    0.1456,
    0.1459,
    0.4818,
    0.4382,
    0.4765,
    0.477,
    0.4771,
    0.4773,
    0.4574,
    0.1977,
    -0.122,
    0.1392,
    0.0959,
    0.0822,
    0.0828,
    0.0831,
    0.0835,
    0.0838,
    0.0843,
    0.0847,
    0.0851
  ]
}